,symusic,music21
nottingham,0.03854228390046046,25.899640199000714
