,symusic,midifile,miditoolkit,prettymidi
maestro,0.008196552799927304,0.05729519689994049,1.3441766675023246,1.4289077789944713
musicnet,0.006253733349876711,0.04374890289982432,0.9523780150047969,0.9905868209971231
POP909,0.0041218831000151114,0.013544306300173049,0.29057370200462174,0.2870930889985175
