,symusic,midifile,miditoolkit,prettymidi
maestro,0.010663641249993815,0.009468396349984684,1.6861874904934666,3.1676053255068837
musicnet,0.0059320850501535455,0.010645595450478135,1.1903181429952383,2.22091241000453
POP909,0.003601219899428542,0.005251650900027015,0.3215076824926655,0.604082620004192
